model,n_samples,auc,auc_ci_low,auc_ci_high
xgboost,57,0.5263157894736842,0.44504847645429363,0.6494459833795013
elastic_net,57,0.5249307479224377,0.412084487534626,0.601904432132964
random_forest,57,0.5228531855955678,0.3667936288088643,0.6012119113573406
logistic_l2,57,0.4584487534626039,0.3256925207756233,0.5486842105263157
