auc_observed,auc_null_mean,auc_null_sd,p_value_right_tail,model
0.5263157894736842,0.4657063711911356,0.10265599090605336,0.27450980392156865,xgboost
