model,n_samples,auc,auc_ci_low,auc_ci_high,c_index,c_index_ci_low,c_index_ci_high,cox_c_index,cox_c_index_ci_low,cox_c_index_ci_high
integrated_no_protein,57,0.574792243767313,0.42284313725490197,0.7287767094017092,0.5703125,0.46179140196833796,0.6738666224686596,0.5602678571428571,0.4681481255342533,0.6687189054726367
cna,57,0.5090027700831026,0.34783852574018775,0.6825000000000001,0.47935267857142855,0.3386171302111679,0.603673421203909,0.36049107142857145,0.26495517076175484,0.4732518928548705
integrated_with_protein,57,0.4833795013850416,0.3163492913645352,0.6443861881361881,0.42745535714285715,0.33417269690667306,0.5331289272801906,0.5390625,0.4324213524318414,0.6737039449763664
protein_modules,57,0.4806094182825485,0.30995218365645194,0.6415336168164313,0.4174107142857143,0.309239288058494,0.5212353911039451,0.5569196428571429,0.4625948734771782,0.6645351290354231
methylation,57,0.425207756232687,0.25653482028241337,0.5950664228768326,0.41629464285714285,0.3043225555861067,0.5223887435196346,0.47433035714285715,0.3630370904702827,0.5853271066155478
mutation,57,0.40997229916897504,0.2378562449492682,0.573047328171982,0.42299107142857145,0.30534387730649415,0.5267099278053666,0.5435267857142857,0.3900872264931993,0.6512999782703173
rna_modules,57,0.37950138504155123,0.22700466047765216,0.5170249795249794,0.5212053571428571,0.38699835622559603,0.6763125666133457,0.5290178571428571,0.4007855432790664,0.6581758899311405
