model,n_samples,auc,auc_ci_low,auc_ci_high,c_index,c_index_ci_low,c_index_ci_high,cox_c_index,cox_c_index_ci_low,cox_c_index_ci_high
rna_modules,90,0.612775579423403,0.48947314724815333,0.7370511243386243,0.5425405619311436,0.4637689355667168,0.6321191976186914,0.5896319746735259,0.50222096035556,0.6648250146684397
cna,90,0.5805539853024307,0.4591627831980589,0.7072894784802356,0.5761772853185596,0.4959099298953487,0.6593407401426766,0.6157499010684606,0.5335544128564567,0.6985692852144895
integrated_no_protein,90,0.5794234030525721,0.4681849626068376,0.701845662507427,0.5326474079936684,0.45842185046714307,0.6109505544573887,0.5631183221210923,0.4870459645867876,0.6361968533075889
methylation,90,0.4963256076879593,0.3740691105769231,0.6295022311434209,0.47249703205381877,0.3872231028857141,0.5505319428538196,0.5219628017411951,0.43583941966419215,0.6073403221556096
integrated_with_protein,57,0.4833795013850416,0.3163492913645352,0.6443861881361881,0.42745535714285715,0.33417269690667306,0.5331289272801906,0.5390625,0.4324213524318414,0.6737039449763664
protein_modules,57,0.4806094182825485,0.30995218365645194,0.6415336168164313,0.4174107142857143,0.309239288058494,0.5212353911039451,0.5569196428571429,0.4625948734771782,0.6645351290354231
mutation,90,0.37761447145279814,0.2612904252610135,0.4886505269972099,0.49584487534626037,0.4123565852347947,0.5829771956489247,0.5065294815987337,0.41753494035708194,0.589836520121627
